first_name,last_name,email,product_id,qty,amount,invoice_date,address,city,stock_code,job
John,Smith,john.smith@example.com,101,2,149.99,2024-01-15,123 Main St,New York,36239634,Software Engineer
Jane,Doe,jane.doe@example.com,102,1,299.50,2024-01-16,456 Oak Ave,Los Angeles,2820163,Data Scientist
Bob,Johnson,bob.johnson@example.com,103,3,89.99,2024-01-17,789 Pine Rd,Chicago,27006726,Product Manager
Alice,Williams,alice.williams@example.com,101,5,450.00,2024-01-18,321 Elm St,Houston,83036521,Marketing Director
Charlie,Brown,charlie.brown@example.com,104,2,175.25,2024-01-19,654 Maple Dr,Phoenix,80142652,Accountant
Diana,Prince,diana.prince@example.com,102,4,320.75,2024-01-20,987 Cedar Ln,New York,53234087,Lawyer
Edward,Norton,edward.norton@example.com,105,1,95.50,2024-01-21,147 Birch Blvd,Los Angeles,30928602,Teacher
Fiona,Apple,fiona.apple@example.com,103,3,210.00,2024-01-22,258 Spruce Way,Chicago,45734816,Designer
George,Martin,george.martin@example.com,106,2,675.30,2024-01-23,369 Willow Ct,Houston,13834685,Architect
Helen,Keller,helen.keller@example.com,101,3,134.99,2024-01-24,741 Aspen St,Phoenix,92548268,Writer
Ian,Malcolm,ian.malcolm@example.com,107,1,289.99,2024-01-25,852 Fir Ln,New York,6481407,Consultant
Julia,Roberts,julia.roberts@example.com,102,2,399.00,2024-01-26,963 Poplar Dr,Los Angeles,82560621,Executive
Kevin,Spacey,kevin.spacey@example.com,104,4,156.75,2024-01-27,147 Cedar Ave,Chicago,92318137,Developer
Laura,Linney,laura.linney@example.com,108,2,543.20,2024-01-28,258 Oak St,Houston,95596877,Manager
Mike,Myers,mike.myers@example.com,105,5,87.50,2024-01-29,369 Pine Ln,Phoenix,54751453,Actor
Nina,Simone,nina.simone@example.com,109,1,234.99,2024-01-30,741 Elm Dr,New York,58560372,Musician
Oscar,Wilde,oscar.wilde@example.com,103,2,178.50,2024-01-31,852 Maple Rd,Los Angeles,94859461,Writer
Paul,Newman,paul.newman@example.com,110,3,456.00,2024-02-01,963 Birch Ave,Chicago,71802916,Actor
Quentin,Tarantino,quentin.tarantino@example.com,101,4,312.75,2024-02-02,147 Spruce Ln,Houston,4409151,Director
Rachel,Green,rachel.green@example.com,105,2,98.99,2024-02-03,258 Willow St,Phoenix,84752888,Designer
Robert,DeNiro,robert.deniro@example.com,106,3,567.80,2024-02-04,369 Oak Dr,New York,7396045,Actor
Sarah,Connor,sarah.connor@example.com,102,1,189.99,2024-02-05,741 Maple Ln,Los Angeles,77562388,Manager
Tom,Hanks,tom.hanks@example.com,108,4,234.50,2024-02-06,852 Pine St,Chicago,772105,Actor
Uma,Thurman,uma.thurman@example.com,103,2,123.75,2024-02-07,963 Birch Rd,Houston,27040546,Actor
Victor,Frankenstein,victor.frankenstein@example.com,107,3,456.25,2024-02-08,147 Cedar Ln,Phoenix,93277563,Scientist
Will,Smith,will.smith@example.com,104,1,345.00,2024-02-09,258 Elm Dr,New York,42556787,Actor
Xena,Princess,xena.princess@example.com,109,5,678.90,2024-02-10,369 Oak St,Los Angeles,60165879,Warrior
Yoda,Master,yoda.master@example.com,101,2,234.50,2024-02-11,741 Pine Ave,Chicago,5488605,Jedi
Zoe,Saldana,zoe.saldana@example.com,105,3,156.75,2024-02-12,852 Maple Ln,Houston,22584977,Actor
Adam,Sandler,adam.sandler@example.com,106,4,345.25,2024-02-13,963 Birch Dr,Phoenix,31478175,Actor
Bruce,Willis,bruce.willis@example.com,102,1,567.00,2024-02-14,147 Cedar St,New York,34646045,Actor
Cameron,Diaz,cameron.diaz@example.com,108,2,234.75,2024-02-15,258 Elm Ln,Los Angeles,70628425,Actor
Denzel,Washington,denzel.washington@example.com,103,3,456.50,2024-02-16,369 Oak Ave,Chicago,55991551,Actor
Emma,Stone,emma.stone@example.com,110,1,189.99,2024-02-17,741 Pine Rd,Houston,33353487,Actor
George,Clooney,george.clooney@example.com,101,4,678.25,2024-02-18,852 Maple St,Phoenix,70884265,Actor
Hugh,Jackman,hugh.jackman@example.com,105,2,234.50,2024-02-19,963 Birch Ln,New York,60434982,Actor
Idris,Elba,idris.elba@example.com,107,3,345.75,2024-02-20,147 Cedar Ave,Los Angeles,81788057,Actor
Jennifer,Lawrence,jennifer.lawrence@example.com,104,1,456.00,2024-02-21,258 Elm Dr,Chicago,11642220,Actor
Keanu,Reeves,keanu.reeves@example.com,106,5,567.25,2024-02-22,369 Oak St,Houston,29244072,Actor
Leonardo,DiCaprio,leonardo.dicaprio@example.com,102,2,678.50,2024-02-23,741 Pine Ln,Phoenix,76516740,Actor
Morgan,Freeman,morgan.freeman@example.com,109,3,789.75,2024-02-24,852 Maple Ave,New York,6437251,Actor
Natalie,Portman,natalie.portman@example.com,103,1,234.00,2024-02-25,963 Birch St,Los Angeles,48003155,Actor
Orlando,Bloom,orlando.bloom@example.com,108,4,345.50,2024-02-26,147 Cedar Ln,Chicago,55845083,Actor
Patrick,Stewart,patrick.stewart@example.com,101,2,456.75,2024-02-27,258 Elm Ave,Houston,14192920,Actor
Quincy,Jones,quincy.jones@example.com,107,3,567.00,2024-02-28,369 Oak Dr,Phoenix,9119031,Musician
Ryan,Reynolds,ryan.reynolds@example.com,104,5,678.25,2024-02-29,741 Pine St,New York,88343587,Actor
Samuel,Jackson,samuel.jackson@example.com,105,1,789.50,2024-03-01,852 Maple Ln,Los Angeles,177818,Actor
Tom,Cruise,tom.cruise@example.com,106,2,234.75,2024-03-02,963 Birch Ave,Chicago,6100179,Actor
Uma,Thurman,uma.thurman@example.com,102,3,345.00,2024-03-03,147 Cedar St,Houston,66080251,Actor
Vin,Diesel,vin.diesel@example.com,103,4,456.25,2024-03-04,258 Elm Dr,Phoenix,27329429,Actor
Scarlett,Johansson,scarlett.johansson@example.com,109,1,567.50,2024-03-05,369 Oak Ln,New York,39116116,Actor
Matt,Damon,matt.damon@example.com,101,2,678.75,2024-03-06,741 Pine Ave,Los Angeles,95264592,Actor
Anne,Hathaway,anne.hathaway@example.com,107,3,789.00,2024-03-07,852 Maple St,Chicago,23921931,Actor
Brad,Pitt,brad.pitt@example.com,104,4,234.25,2024-03-08,963 Birch Ln,Houston,6311834,Actor
Angelina,Jolie,angelina.jolie@example.com,105,5,345.50,2024-03-09,147 Cedar Ave,Phoenix,2175768,Actor
Chris,Hemsworth,chris.hemsworth@example.com,106,1,456.75,2024-03-10,258 Elm Dr,New York,9975538,Actor
Gal,Gadot,gal.gadot@example.com,102,2,567.00,2024-03-11,369 Oak St,Los Angeles,36106301,Actor
Jason,Statham,jason.statham@example.com,108,3,678.25,2024-03-12,741 Pine Ln,Chicago,55852555,Actor
Emily,Blunt,emily.blunt@example.com,103,4,789.50,2024-03-13,852 Maple Ave,Houston,54104358,Actor
Ryan,Gosling,ryan.gosling@example.com,101,1,234.75,2024-03-14,963 Birch St,Phoenix,12011087,Actor
Jessica,Chastain,jessica.chastain@example.com,107,2,345.00,2024-03-15,147 Cedar Ln,New York,81261871,Actor
Jake,Gyllenhaal,jake.gyllenhaal@example.com,104,3,456.25,2024-03-16,258 Elm Ave,Los Angeles,68360825,Actor
Margot,Robbie,margot.robbie@example.com,109,4,567.50,2024-03-17,369 Oak Dr,Chicago,18709490,Actor
Rami,Malek,rami.malek@example.com,105,5,678.75,2024-03-18,741 Pine St,Houston,80411024,Actor
Lupita,Nyong'o,lupita.nyongo@example.com,106,1,789.00,2024-03-19,852 Maple Ln,Phoenix,17279109,Actor
Tom,Holland,tom.holland@example.com,102,2,234.25,2024-03-20,963 Birch Ave,New York,59275015,Actor
Zendaya,zendaya@example.com,108,3,345.50,2024-03-21,147 Cedar St,Los Angeles,4903680,Actor
Anya,Taylor-Joy,anya.taylorjoy@example.com,103,4,456.75,2024-03-22,258 Elm Dr,Chicago,17622806,Actor
Florence,Pugh,florence.pugh@example.com,110,1,567.00,2024-03-23,369 Oak Ln,Houston,40989044,Actor
John,David,John.David@example.com,104,2,78.90,2024-03-24,741 Pine Ave,Phoenix,70699968,Engineer
Toni,Stark,toni.stark@example.com,105,3,345.67,2024-03-25,852 Maple St,New York,35282563,Engineer
Steve,Rogers,steve.rogers@example.com,107,4,890.12,2024-03-26,963 Birch Ln,Los Angeles,94015607,Engineer
Thor,Odin,thor.odin@example.com,106,1,234.56,2024-03-27,147 Cedar Ave,Chicago,38629150,Engineer
Natasha,Romanoff,natasha.romanoff@example.com,102,5,456.78,2024-03-28,258 Elm Dr,Houston,14317170,Engineer
Clint,Barton,clint.barton@example.com,109,2,567.89,2024-03-29,369 Oak St,Phoenix,8578853,Engineer
Bruce,Banner,bruce.banner@example.com,103,3,678.90,2024-03-30,741 Pine Ln,New York,28460657,Engineer
Peter,Parker,peter.parker@example.com,108,4,789.01,2024-03-31,852 Maple Ave,Los Angeles,15398079,Engineer
Stephen,Strange,stephen.strange@example.com,101,1,890.12,2024-04-01,963 Birch St,Chicago,56624021,Doctor
Wanda,Maximoff,wanda.maximoff@example.com,107,2,234.56,2024-04-02,147 Cedar Ln,Houston,69207433,Doctor
Vision,android@example.com,104,3,345.67,2024-04-03,258 Elm Ave,Phoenix,95592466,Doctor
Scott,Lang,scott.lang@example.com,105,4,456.78,2024-04-04,369 Oak Dr,New York,62452618,Doctor
Carol,Danvers,carol.danvers@example.com,106,5,567.89,2024-04-05,741 Pine St,Los Angeles,52805974,Doctor
Sam,Wilson,sam.wilson@example.com,102,1,678.90,2024-04-06,852 Maple Ln,Chicago,36073276,Doctor
James,Rhodes,james.rhodes@example.com,103,2,789.01,2024-04-07,963 Birch Ave,Houston,39935366,Doctor
Nick,Fury,nick.fury@example.com,109,3,890.12,2024-04-08,147 Cedar St,Phoenix,34618455,Director
Phil,Coulson,phil.coulson@example.com,108,4,234.56,2024-04-09,258 Elm Dr,New York,84489029,Director
Maria,Hill,maria.hill@example.com,101,5,345.67,2024-04-10,369 Oak Ln,Los Angeles,52839917,Director
Sharon,Carter,sharon.carter@example.com,107,1,456.78,2024-04-11,741 Pine Ave,Chicago,46790668,Director
Peggy,Carter,peggy.carter@example.com,104,2,567.89,2024-04-12,852 Maple St,Houston,65705971,Director
Howard,Stark,howard.stark@example.com,105,3,678.90,2024-04-13,963 Birch Ln,Phoenix,29838448,Director
Janet,VanDyne,janet.vandyne@example.com,106,4,789.01,2024-04-14,147 Cedar Ave,New York,30395596,Scientist
Hank,Pym,hank.pym@example.com,102,1,890.12,2024-04-15,258 Elm Dr,Los Angeles,93567657,Scientist
Reed,Richards,reed.richards@example.com,109,2,234.56,2024-04-16,369 Oak St,Chicago,7042492,Scientist
Susan,Storm,susan.storm@example.com,103,3,345.67,2024-04-17,741 Pine Ln,Houston,27028209,Scientist
Johnny,Storm,johnny.storm@example.com,107,4,456.78,2024-04-18,852 Maple Ave,Phoenix,20991982,Scientist
Ben,Grimm,ben.grimm@example.com,108,5,567.89,2024-04-19,963 Birch St,New York,42344339,Scientist
Professor,Xavier,professor.xavier@example.com,101,1,678.90,2024-04-20,147 Cedar Ln,Los Angeles,12462568,Professor
Magneto,magneto@example.com,104,2,789.01,2024-04-21,258 Elm Ave,Chicago,50579174,Professor
Wolverine,logan@example.com,105,3,890.12,2024-04-22,369 Oak Dr,Houston,74314362,Professor
Cyclops,scott@example.com,106,4,234.56,2024-04-23,741 Pine St,Phoenix,5709922,Professor
Jean,Grey,jean.grey@example.com,102,5,345.67,2024-04-24,852 Maple Ln,New York,36359776,Professor
Storm,ororo@example.com,109,1,456.78,2024-04-25,963 Birch Ave,Los Angeles,1070538,Professor
Rogue,anna@example.com,103,2,567.89,2024-04-26,147 Cedar St,Chicago,64012063,Professor
Gambit,remy@example.com,107,3,678.90,2024-04-27,258 Elm Dr,Houston,44291266,Professor
Jubilee,lee@example.com,108,4,789.01,2024-04-28,369 Oak Ln,Phoenix,21074776,Professor
Beast,hank@example.com,104,5,890.12,2024-04-29,741 Pine Ave,New York,80999881,Professor
Angel,warren@example.com,105,1,234.56,2024-04-30,852 Maple St,Los Angeles,51217532,Professor
Mystique,raven@example.com,106,2,345.67,2024-05-01,963 Birch Ln,Chicago,75260033,Professor
Sabretooth,victor@example.com,102,3,456.78,2024-05-02,147 Cedar Ave,Houston,79750110,Professor
Deadpool,wade@example.com,109,4,567.89,2024-05-03,258 Elm Dr,Phoenix,27436608,Mercenary
Cable,nathan@example.com,103,5,678.90,2024-05-04,369 Oak St,New York,48784382,Soldier
Domino,neena@example.com,107,1,789.01,2024-05-05,741 Pine Ln,Los Angeles,76529450,Soldier
Colossus,peter@example.com,108,2,890.12,2024-05-06,852 Maple Ave,Chicago,23867123,Soldier
Nightcrawler,kurt@example.com,104,3,234.56,2024-05-07,963 Birch St,Houston,67208470,Soldier
Shadowcat,kitty@example.com,105,4,345.67,2024-05-08,147 Cedar Ln,Phoenix,61672000,Soldier
Iceman,bobby@example.com,106,5,456.78,2024-05-09,258 Elm Ave,New York,61171596,Soldier
Pyro,john@example.com,102,1,567.89,2024-05-10,369 Oak Dr,Los Angeles,8235176,Soldier
Avalanche,dominic@example.com,103,2,678.90,2024-05-11,741 Pine St,Chicago,59921356,Soldier
Toad,asparagus@example.com,109,3,789.01,2024-05-12,852 Maple Ln,Houston,31054973,Soldier
Quicksilver,pietro@example.com,107,4,890.12,2024-05-13,963 Birch Ave,Phoenix,88813936,Soldier